date,demand_gwh
2022-01-01,1809.8
2022-01-02,1912.48
2022-01-03,2388.68
2022-01-04,2491.03
2022-01-05,2436.15
2022-01-06,2481.86
2022-01-07,2628.68
2022-01-08,2528.95
2022-01-09,2306.43
2022-01-10,2536.07
2022-01-11,2706.23
2022-01-12,2521.24
2022-01-13,2363.9
2022-01-14,2364.53
2022-01-15,2506.75
2022-01-16,2575.44
2022-01-17,2508.71
2022-01-18,2527.14
2022-01-19,2438.37
2022-01-20,2524.59
2022-01-21,2774.7
2022-01-22,2649.73
2022-01-23,2480.14
2022-01-24,2547.8
2022-01-25,2517.32
2022-01-26,2712.82
2022-01-27,2737.78
2022-01-28,2582.33
2022-01-29,2669.86
2022-01-30,2608.45
2022-01-31,2625.79
2022-02-01,2520.79
2022-02-02,2440.62
2022-02-03,2342.53
2022-02-04,2346.01
2022-02-05,2468.6
2022-02-06,2454.65
2022-02-07,2504.72
2022-02-08,2458.36
2022-02-09,2349.41
2022-02-10,2258.79
2022-02-11,2214.01
2022-02-12,2060.99
2022-02-13,2299.62
2022-02-14,2629.08
2022-02-15,2591.79
2022-02-16,2331.34
2022-02-17,2137.43
2022-02-18,2244.57
2022-02-19,2356.17
2022-02-20,2280.42
2022-02-21,2164.36
2022-02-22,2099.42
2022-02-23,2120.6
2022-02-24,2369.87
2022-02-25,2344.5
2022-02-26,2255.78
2022-02-27,2134.62
2022-02-28,2231.81
2022-03-01,2199.82
2022-03-02,2069.84
2022-03-03,2124.5
2022-03-04,2236.17
2022-03-05,1984.48
2022-03-06,1827.5
2022-03-07,1995.06
2022-03-08,2096.44
2022-03-09,2235.36
2022-03-10,2212.61
2022-03-11,2159.32
2022-03-12,2323.38
2022-03-13,2255.24
2022-03-14,2166.43
2022-03-15,2027.78
2022-03-16,1960.52
2022-03-17,1949.34
2022-03-18,1908.12
2022-03-19,1794.17
2022-03-20,1777.98
2022-03-21,1939.15
2022-03-22,1938.56
2022-03-23,1990.25
2022-03-24,2002.8
2022-03-25,2006.72
2022-03-26,1976.26
2022-03-27,2079.76
2022-03-28,2363.66
2022-03-29,2336.47
2022-03-30,2146.78
2022-03-31,1987.9
2022-04-01,1998.3
2022-04-02,1911.94
2022-04-03,1872.56
2022-04-04,2041.6
2022-04-05,2007.47
2022-04-06,1975.55
2022-04-07,2019.86
2022-04-08,1989.06
2022-04-09,1907.9
2022-04-10,1888.59
2022-04-11,1973.94
2022-04-12,1908.81
2022-04-13,1925.32
2022-04-14,1944.08
2022-04-15,1793.36
2022-04-16,1718.73
2022-04-17,1699.25
2022-04-18,2095.6
2022-04-19,2120.8
2022-04-20,2016.3
2022-04-21,1927.0
2022-04-22,1881.57
2022-04-23,1781.26
2022-04-24,1787.24
2022-04-25,1934.46
2022-04-26,1909.68
2022-04-27,1928.18
2022-04-28,1967.14
2022-04-29,1905.64
2022-04-30,1747.11
2022-05-01,1715.26
2022-05-02,1896.34
2022-05-03,1919.82
2022-05-04,1927.29
2022-05-05,1903.01
2022-05-06,1905.93
2022-05-07,1795.74
2022-05-08,1750.85
2022-05-09,1899.69
2022-05-10,1988.37
2022-05-11,2092.28
2022-05-12,2119.17
2022-05-13,2114.42
2022-05-14,1981.34
2022-05-15,1952.85
2022-05-16,2059.35
2022-05-17,1986.28
2022-05-18,1939.01
2022-05-19,2087.54
2022-05-20,2264.42
2022-05-21,2288.52
2022-05-22,2145.32
2022-05-23,1989.56
2022-05-24,1928.62
2022-05-25,1982.37
2022-05-26,2028.96
2022-05-27,2025.43
2022-05-28,1861.68
2022-05-29,1939.89
2022-05-30,2230.94
2022-05-31,2662.1
2022-06-01,2563.63
2022-06-02,2356.82
2022-06-03,2188.28
2022-06-04,1965.8
2022-06-05,1922.35
2022-06-06,2152.4
2022-06-07,2172.83
2022-06-08,2302.85
2022-06-09,2226.84
2022-06-10,2091.02
2022-06-11,1942.19
2022-06-12,2015.55
2022-06-13,2569.09
2022-06-14,2604.07
2022-06-15,2775.23
2022-06-16,2725.7
2022-06-17,2679.52
2022-06-18,1992.78
2022-06-19,1824.5
2022-06-20,2148.99
2022-06-21,2461.51
2022-06-22,2566.06
2022-06-23,2347.26
2022-06-24,2388.67
2022-06-25,2359.25
2022-06-26,2398.34
2022-06-27,2390.71
2022-06-28,2255.05
2022-06-29,2404.22
2022-06-30,2621.41
2022-07-01,2678.43
2022-07-02,2478.91
2022-07-03,2334.15
2022-07-04,2296.86
2022-07-05,2574.76
2022-07-06,2647.9
2022-07-07,2585.19
2022-07-08,2500.49
2022-07-09,2240.54
2022-07-10,2165.56
2022-07-11,2476.28
2022-07-12,2656.13
2022-07-13,2635.76
2022-07-14,2588.5
2022-07-15,2470.05
2022-07-16,2332.42
2022-07-17,2318.04
2022-07-18,2649.36
2022-07-19,2788.04
2022-07-20,2944.98
2022-07-21,2965.74
2022-07-22,2891.34
2022-07-23,2696.25
2022-07-24,2716.73
2022-07-25,2797.36
2022-07-26,2477.88
2022-07-27,2585.36
2022-07-28,2743.66
2022-07-29,2554.14
2022-07-30,2365.89
2022-07-31,2273.09
2022-08-01,2537.94
2022-08-02,2743.6
2022-08-03,2807.33
2022-08-04,2848.96
2022-08-05,2736.22
2022-08-06,2633.82
2022-08-07,2685.77
2022-08-08,2912.24
2022-08-09,2877.01
2022-08-10,2694.06
2022-08-11,2566.2
2022-08-12,2342.83
2022-08-13,2060.55
2022-08-14,2047.19
2022-08-15,2260.16
2022-08-16,2292.76
2022-08-17,2294.96
2022-08-18,2355.05
2022-08-19,2463.83
2022-08-20,2376.58
2022-08-21,2244.31
2022-08-22,2458.77
2022-08-23,2487.35
2022-08-24,2525.18
2022-08-25,2549.49
2022-08-26,2586.3
2022-08-27,2412.58
2022-08-28,2470.47
2022-08-29,2767.48
2022-08-30,2645.23
2022-08-31,2454.56
2022-09-01,2451.34
2022-09-02,2411.05
2022-09-03,2291.63
2022-09-04,2244.81
2022-09-05,2246.42
2022-09-06,2374.62
2022-09-07,2281.93
2022-09-08,2264.23
2022-09-09,2269.18
2022-09-10,2128.91
2022-09-11,2090.48
2022-09-12,2280.44
2022-09-13,2214.95
2022-09-14,2146.97
2022-09-15,2151.11
2022-09-16,2118.47
2022-09-17,2057.69
2022-09-18,2117.71
2022-09-19,2341.47
2022-09-20,2334.52
2022-09-21,2372.78
2022-09-22,2119.64
2022-09-23,1831.61
2022-09-24,1718.19
2022-09-25,1770.81
2022-09-26,1918.18
2022-09-27,1886.34
2022-09-28,1882.88
2022-09-29,1882.37
2022-09-30,1870.53
2022-10-01,1766.55
2022-10-02,1735.21
2022-10-03,1913.09
2022-10-04,1961.04
2022-10-05,1940.16
2022-10-06,1917.2
2022-10-07,1874.85
2022-10-08,1727.05
2022-10-09,1742.16
2022-10-10,1890.13
2022-10-11,1911.25
2022-10-12,1902.88
2022-10-13,1917.36
2022-10-14,1872.14
2022-10-15,1738.74
2022-10-16,1729.34
2022-10-17,1926.18
2022-10-18,2013.26
2022-10-19,2062.89
2022-10-20,2053.33
2022-10-21,1972.22
2022-10-22,1804.23
2022-10-23,1783.72
2022-10-24,1938.58
2022-10-25,1941.91
2022-10-26,1926.55
2022-10-27,1917.3
2022-10-28,1949.65
2022-10-29,1814.46
2022-10-30,1798.91
2022-10-31,1915.02
2022-11-01,1918.62
2022-11-02,1916.78
2022-11-03,1921.31
2022-11-04,1910.4
2022-11-05,1789.92
2022-11-06,1850.21
2022-11-07,1937.98
2022-11-08,1917.9
2022-11-09,1978.17
2022-11-10,1951.64
2022-11-11,1931.18
2022-11-12,1858.35
2022-11-13,1913.86
2022-11-14,2170.52
2022-11-15,2284.0
2022-11-16,2231.33
2022-11-17,2319.72
2022-11-18,2359.52
2022-11-19,2267.59
2022-11-20,2282.35
2022-11-21,2396.3
2022-11-22,2251.2
2022-11-23,2166.22
2022-11-24,1932.52
2022-11-25,1884.03
2022-11-26,1907.5
2022-11-27,1916.06
2022-11-28,2064.79
2022-11-29,2156.1
2022-11-30,2213.22
2022-12-01,2340.47
2022-12-02,2306.83
2022-12-03,2027.79
2022-12-04,2139.82
2022-12-05,2356.34
2022-12-06,2212.3
2022-12-07,2103.77
2022-12-08,2131.41
2022-12-09,2188.53
2022-12-10,2134.32
2022-12-11,2085.92
2022-12-12,2328.85
2022-12-13,2400.43
2022-12-14,2436.94
2022-12-15,2397.12
2022-12-16,2319.82
2022-12-17,2258.26
2022-12-18,2307.05
2022-12-19,2564.67
2022-12-20,2519.54
2022-12-21,2511.57
2022-12-22,2427.6
2022-12-23,2711.74
2022-12-24,2988.28
2022-12-25,2669.3
2022-12-26,2627.8
2022-12-27,2538.94
2022-12-28,2446.07
2022-12-29,2262.48
2022-12-30,2065.68
2022-12-31,1933.99
2023-01-01,1844.3
2023-01-02,1939.5
2023-01-03,2040.21
2023-01-04,2025.81
2023-01-05,2104.24
2023-01-06,2223.31
2023-01-07,2168.32
2023-01-08,2207.08
2023-01-09,2320.69
2023-01-10,2380.38
2023-01-11,2343.43
2023-01-12,2227.37
2023-01-13,2257.63
2023-01-14,2354.84
2023-01-15,2310.29
2023-01-16,2355.62
2023-01-17,2262.56
2023-01-18,2191.73
2023-01-19,2217.79
2023-01-20,2246.18
2023-01-21,2218.09
2023-01-22,2242.14
2023-01-23,2392.01
2023-01-24,2376.03
2023-01-25,2393.48
2023-01-26,2353.94
2023-01-27,2402.95
2023-01-28,2159.76
2023-01-29,2131.44
2023-01-30,2253.01
2023-01-31,2422.83
2023-02-01,2502.46
2023-02-02,2498.74
2023-02-03,2612.73
2023-02-04,2589.99
2023-02-05,2214.21
2023-02-06,2272.49
2023-02-07,2311.93
2023-02-08,2147.91
2023-02-09,2127.77
2023-02-10,2068.73
2023-02-11,2065.24
2023-02-12,2115.3
2023-02-13,2172.67
2023-02-14,2135.09
2023-02-15,2020.77
2023-02-16,2048.31
2023-02-17,2177.33
2023-02-18,2186.18
2023-02-19,2008.22
2023-02-20,2062.62
2023-02-21,2090.22
2023-02-22,2192.0
2023-02-23,2055.9
2023-02-24,2081.89
2023-02-25,2161.1
2023-02-26,2042.5
2023-02-27,2172.89
2023-02-28,2132.18
2023-03-01,2103.71
2023-03-02,2051.03
2023-03-03,2179.24
2023-03-04,1968.56
2023-03-05,1929.84
2023-03-06,2064.32
2023-03-07,2088.58
2023-03-08,2205.33
2023-03-09,2159.88
2023-03-10,2225.7
2023-03-11,2114.43
2023-03-12,2069.55
2023-03-13,2297.16
2023-03-14,2401.92
2023-03-15,2328.87
2023-03-16,2178.88
2023-03-17,2078.74
2023-03-18,2053.69
2023-03-19,2165.55
2023-03-20,2263.54
2023-03-21,2146.78
2023-03-22,2048.3
2023-03-23,1993.09
2023-03-24,1986.97
2023-03-25,1916.38
2023-03-26,1793.98
2023-03-27,1981.03
2023-03-28,2022.1
2023-03-29,2037.82
2023-03-30,2066.92
2023-03-31,2036.32
2023-04-01,1803.9
2023-04-02,1810.1
2023-04-03,1962.89
2023-04-04,1926.29
2023-04-05,1977.25
2023-04-06,1981.64
2023-04-07,1864.99
2023-04-08,1825.55
2023-04-09,1757.0
2023-04-10,1910.2
2023-04-11,1917.14
2023-04-12,1934.02
2023-04-13,2010.91
2023-04-14,1985.94
2023-04-15,1867.3
2023-04-16,1795.07
2023-04-17,1921.68
2023-04-18,1925.27
2023-04-19,1911.55
2023-04-20,1940.97
2023-04-21,1932.67
2023-04-22,1755.5
2023-04-23,1749.03
2023-04-24,1917.68
2023-04-25,1951.36
2023-04-26,1917.96
2023-04-27,1899.58
2023-04-28,1896.45
2023-04-29,1773.96
2023-04-30,1752.59
2023-05-01,1946.53
2023-05-02,1985.5
2023-05-03,1973.13
2023-05-04,1942.16
2023-05-05,1878.43
2023-05-06,1730.22
2023-05-07,1760.75
2023-05-08,1962.4
2023-05-09,1921.81
2023-05-10,1906.54
2023-05-11,1988.8
2023-05-12,2061.57
2023-05-13,1892.66
2023-05-14,1774.18
2023-05-15,1897.94
2023-05-16,1971.69
2023-05-17,1903.16
2023-05-18,1877.57
2023-05-19,1910.78
2023-05-20,1802.54
2023-05-21,1774.19
2023-05-22,1978.99
2023-05-23,2012.09
2023-05-24,2004.4
2023-05-25,1886.53
2023-05-26,1862.28
2023-05-27,1744.2
2023-05-28,1728.55
2023-05-29,1864.7
2023-05-30,2098.79
2023-05-31,2169.49
2023-06-01,2271.38
2023-06-02,2377.36
2023-06-03,2171.92
2023-06-04,1920.16
2023-06-05,2031.7
2023-06-06,2058.99
2023-06-07,2012.46
2023-06-08,1962.37
2023-06-09,1970.86
2023-06-10,1943.93
2023-06-11,1969.18
2023-06-12,2113.38
2023-06-13,2035.23
2023-06-14,2054.42
2023-06-15,2102.46
2023-06-16,2033.93
2023-06-17,1920.71
2023-06-18,1965.63
2023-06-19,2241.34
2023-06-20,2268.82
2023-06-21,2201.27
2023-06-22,2101.5
2023-06-23,2159.41
2023-06-24,2206.94
2023-06-25,2273.12
2023-06-26,2405.17
2023-06-27,2254.33
2023-06-28,2273.08
2023-06-29,2372.11
2023-06-30,2462.57
2023-07-01,2300.41
2023-07-02,2313.82
2023-07-03,2463.7
2023-07-04,2465.68
2023-07-05,2733.14
2023-07-06,2741.84
2023-07-07,2641.78
2023-07-08,2411.7
2023-07-09,2281.05
2023-07-10,2473.0
2023-07-11,2557.32
2023-07-12,2607.64
2023-07-13,2714.49
2023-07-14,2730.4
2023-07-15,2534.12
2023-07-16,2417.68
2023-07-17,2603.55
2023-07-18,2582.27
2023-07-19,2556.55
2023-07-20,2665.84
2023-07-21,2519.65
2023-07-22,2282.84
2023-07-23,2310.13
2023-07-24,2566.54
2023-07-25,2627.77
2023-07-26,2709.35
2023-07-27,2940.82
2023-07-28,2930.74
2023-07-29,2626.79
2023-07-30,2305.34
2023-07-31,2406.52
2023-08-01,2345.32
2023-08-02,2351.81
2023-08-03,2410.54
2023-08-04,2456.47
2023-08-05,2333.89
2023-08-06,2337.28
2023-08-07,2487.45
2023-08-08,2422.09
2023-08-09,2459.43
2023-08-10,2433.29
2023-08-11,2488.05
2023-08-12,2465.29
2023-08-13,2463.14
2023-08-14,2544.23
2023-08-15,2706.94
2023-08-16,2479.8
2023-08-17,2511.54
2023-08-18,2358.42
2023-08-19,2088.51
2023-08-20,2310.78
2023-08-21,2694.1
2023-08-22,2567.01
2023-08-23,2513.7
2023-08-24,2605.98
2023-08-25,2627.09
2023-08-26,2465.44
2023-08-27,2291.76
2023-08-28,2363.55
2023-08-29,2397.19
2023-08-30,2360.73
2023-08-31,2165.16
2023-09-01,2131.72
2023-09-02,2132.05
2023-09-03,2382.58
2023-09-04,2604.61
2023-09-05,2868.22
2023-09-06,2854.19
2023-09-07,2684.3
2023-09-08,2485.69
2023-09-09,2211.33
2023-09-10,2114.59
2023-09-11,2334.9
2023-09-12,2316.41
2023-09-13,2245.56
2023-09-14,2120.75
2023-09-15,1982.76
2023-09-16,1855.88
2023-09-17,1846.49
2023-09-18,2016.46
2023-09-19,1985.84
2023-09-20,2037.35
2023-09-21,2064.43
2023-09-22,2014.31
2023-09-23,1856.57
2023-09-24,1829.46
2023-09-25,2003.83
2023-09-26,2006.87
2023-09-27,1957.47
2023-09-28,1963.96
2023-09-29,1975.71
2023-09-30,1886.72
2023-10-01,1902.15
2023-10-02,2130.95
2023-10-03,2197.54
2023-10-04,2204.67
2023-10-05,2100.15
2023-10-06,2049.23
2023-10-07,1787.51
2023-10-08,1710.06
2023-10-09,1885.47
2023-10-10,1910.96
2023-10-11,1905.8
2023-10-12,1910.83
2023-10-13,1880.92
2023-10-14,1798.22
2023-10-15,1738.5
2023-10-16,1921.51
2023-10-17,1930.51
2023-10-18,1929.46
2023-10-19,1927.7
2023-10-20,1893.67
2023-10-21,1769.76
2023-10-22,1746.66
2023-10-23,1945.0
2023-10-24,1972.36
2023-10-25,1935.19
2023-10-26,1944.25
2023-10-27,1938.34
2023-10-28,1828.6
2023-10-29,1807.68
2023-10-30,1972.29
2023-10-31,2044.02
2023-11-01,2143.04
2023-11-02,2186.25
2023-11-03,2104.57
2023-11-04,1884.87
2023-11-05,1959.98
2023-11-06,1972.17
2023-11-07,1951.1
2023-11-08,1965.87
2023-11-09,1967.36
2023-11-10,1995.92
2023-11-11,1942.71
2023-11-12,1945.48
2023-11-13,2131.93
2023-11-14,2107.58
2023-11-15,2112.99
2023-11-16,2051.32
2023-11-17,1984.19
2023-11-18,1891.39
2023-11-19,1951.41
2023-11-20,2158.44
2023-11-21,2200.49
2023-11-22,2085.86
2023-11-23,1909.86
2023-11-24,1988.56
2023-11-25,2079.28
2023-11-26,2105.46
2023-11-27,2292.42
2023-11-28,2510.14
2023-11-29,2537.62
2023-11-30,2338.24
2023-12-01,2243.44
2023-12-02,1980.91
2023-12-03,1958.89
2023-12-04,2175.88
2023-12-05,2293.64
2023-12-06,2350.64
2023-12-07,2374.64
2023-12-08,2215.86
2023-12-09,2026.8
2023-12-10,2021.57
2023-12-11,2341.26
2023-12-12,2406.39
2023-12-13,2382.35
2023-12-14,2416.02
2023-12-15,2302.4
2023-12-16,2129.49
2023-12-17,2054.61
2023-12-18,2249.77
2023-12-19,2471.22
2023-12-20,2468.32
2023-12-21,2396.06
2023-12-22,2299.99
2023-12-23,2128.68
2023-12-24,1962.68
2023-12-25,1883.56
2023-12-26,1988.8
2023-12-27,2079.57
2023-12-28,2084.1
2023-12-29,2126.02
2023-12-30,2128.13
2023-12-31,2107.1
2024-01-01,2148.26
2024-01-02,2354.04
2024-01-03,2409.79
2024-01-04,2428.14
2024-01-05,2490.52
2024-01-06,2369.18
2024-01-07,2250.38
2024-01-08,2364.18
2024-01-09,2390.06
2024-01-10,2325.22
2024-01-11,2346.25
2024-01-12,2346.96
2024-01-13,2232.32
2024-01-14,2456.39
2024-01-15,2740.74
2024-01-16,2837.8
2024-01-17,2956.98
2024-01-18,2785.13
2024-01-19,2715.3
2024-01-20,2800.69
2024-01-21,2733.99
2024-01-22,2738.75
2024-01-23,2497.0
2024-01-24,2297.44
2024-01-25,2158.07
2024-01-26,2089.48
2024-01-27,2009.2
2024-01-28,2117.52
2024-01-29,2354.33
2024-01-30,2418.21
2024-01-31,2380.42
2024-02-01,2310.51
2024-02-02,2243.63
2024-02-03,2160.8
2024-02-04,2153.16
2024-02-05,2318.24
2024-02-06,2343.83
2024-02-07,2339.09
2024-02-08,2258.95
2024-02-09,2093.96
2024-02-10,1951.17
2024-02-11,1974.08
2024-02-12,2184.73
2024-02-13,2289.56
2024-02-14,2310.31
2024-02-15,2351.97
2024-02-16,2300.26
2024-02-17,2357.69
2024-02-18,2338.95
2024-02-19,2328.98
2024-02-20,2336.57
2024-02-21,2288.49
2024-02-22,2233.7
2024-02-23,2148.49
2024-02-24,2140.25
2024-02-25,2173.28
2024-02-26,2134.66
2024-02-27,2054.86
2024-02-28,2096.06
2024-02-29,2294.17
2024-03-01,2253.8
2024-03-02,2018.93
2024-03-03,1858.99
2024-03-04,1975.75
2024-03-05,2022.84
2024-03-06,2055.1
2024-03-07,2037.71
2024-03-08,2019.04
2024-03-09,2008.46
2024-03-10,1931.34
2024-03-11,2183.84
2024-03-12,2048.93
2024-03-13,1961.33
2024-03-14,1955.44
2024-03-15,1918.32
2024-03-16,1812.51
2024-03-17,1817.8
2024-03-18,2133.13
2024-03-19,2208.84
2024-03-20,2119.65
2024-03-21,2193.53
2024-03-22,2190.53
2024-03-23,2057.1
2024-03-24,2044.94
2024-03-25,2089.34
2024-03-26,2068.25
2024-03-27,2083.95
2024-03-28,2091.74
2024-03-29,1952.98
2024-03-30,1846.47
2024-03-31,1742.05
2024-04-01,1965.37
2024-04-02,2037.1
2024-04-03,2103.97
2024-04-04,2130.34
2024-04-05,2112.25
2024-04-06,1956.24
2024-04-07,1858.43
2024-04-08,1928.75
2024-04-09,1915.52
2024-04-10,1918.43
2024-04-11,1952.86
2024-04-12,1924.52
2024-04-13,1786.88
2024-04-14,1774.69
2024-04-15,1955.72
2024-04-16,1939.57
2024-04-17,1949.92
2024-04-18,1955.91
2024-04-19,1887.68
2024-04-20,1757.98
2024-04-21,1797.96
2024-04-22,1946.96
2024-04-23,1931.44
2024-04-24,1910.53
2024-04-25,1905.38
2024-04-26,1897.05
2024-04-27,1823.96
2024-04-28,1849.85
2024-04-29,2137.74
2024-04-30,2079.67
2024-05-01,2092.93
2024-05-02,2153.74
2024-05-03,2004.2
2024-05-04,1825.0
2024-05-05,1834.16
2024-05-06,1999.64
2024-05-07,2090.19
2024-05-08,2207.84
2024-05-09,2026.68
2024-05-10,1908.54
2024-05-11,1760.38
2024-05-12,1754.83
2024-05-13,1971.49
2024-05-14,1978.22
2024-05-15,1980.17
2024-05-16,2028.73
2024-05-17,1999.52
2024-05-18,1935.82
2024-05-19,1973.2
2024-05-20,2203.32
2024-05-21,2367.76
2024-05-22,2414.18
2024-05-23,2340.22
2024-05-24,2308.62
2024-05-25,2160.13
2024-05-26,2117.39
2024-05-27,2053.76
2024-05-28,2152.57
2024-05-29,2059.25
2024-05-30,1990.62
2024-05-31,1980.28
2024-06-01,1920.93
2024-06-02,1968.09
2024-06-03,2371.77
2024-06-04,2521.24
2024-06-05,2452.16
2024-06-06,2464.88
2024-06-07,2279.5
2024-06-08,2034.39
2024-06-09,2025.44
2024-06-10,2081.61
2024-06-11,2072.58
2024-06-12,2240.65
2024-06-13,2496.56
2024-06-14,2521.89
2024-06-15,2199.39
2024-06-16,2231.15
2024-06-17,2731.41
2024-06-18,2881.62
2024-06-19,2855.53
2024-06-20,2849.07
2024-06-21,2915.86
2024-06-22,2882.53
2024-06-23,2731.56
2024-06-24,2656.93
2024-06-25,2584.14
2024-06-26,2733.67
2024-06-27,2509.87
2024-06-28,2384.08
2024-06-29,2540.06
2024-06-30,2489.5
2024-07-01,2231.71
2024-07-02,2333.88
2024-07-03,2574.94
2024-07-04,2498.73
2024-07-05,2675.09
2024-07-06,2682.26
2024-07-07,2626.41
2024-07-08,2894.31
2024-07-09,2972.34
2024-07-10,2924.94
2024-07-11,2704.44
2024-07-12,2621.46
2024-07-13,2671.31
2024-07-14,2703.71
2024-07-15,2992.41
2024-07-16,3060.66
2024-07-17,2891.2
2024-07-18,2560.13
2024-07-19,2446.44
2024-07-20,2332.1
2024-07-21,2404.84
2024-07-22,2553.14
2024-07-23,2644.63
2024-07-24,2635.42
2024-07-25,2574.29
2024-07-26,2423.86
2024-07-27,2342.86
2024-07-28,2403.92
2024-07-29,2694.34
2024-07-30,2769.55
2024-07-31,2871.73
2024-08-01,2956.11
2024-08-02,2893.72
2024-08-03,2647.81
2024-08-04,2554.4
2024-08-05,2871.71
2024-08-06,2843.41
2024-08-07,2559.11
2024-08-08,2518.29
2024-08-09,2571.52
2024-08-10,2336.32
2024-08-11,2166.25
2024-08-12,2330.47
2024-08-13,2396.72
2024-08-14,2477.07
2024-08-15,2480.65
2024-08-16,2545.59
2024-08-17,2405.52
2024-08-18,2344.4
2024-08-19,2396.31
2024-08-20,2112.04
2024-08-21,2041.29
2024-08-22,2094.94
2024-08-23,2180.37
2024-08-24,2208.1
2024-08-25,2378.28
2024-08-26,2718.15
2024-08-27,2838.02
2024-08-28,2908.78
2024-08-29,2820.82
2024-08-30,2567.07
2024-08-31,2353.0
2024-09-01,2300.72
2024-09-02,2077.89
2024-09-03,2051.64
2024-09-04,2118.33
2024-09-05,2234.23
2024-09-06,2206.22
2024-09-07,1917.19
2024-09-08,1766.69
2024-09-09,1984.46
2024-09-10,2129.17
2024-09-11,2219.08
2024-09-12,2267.38
2024-09-13,2272.88
2024-09-14,2206.53
2024-09-15,2164.42
2024-09-16,2216.69
2024-09-17,2228.82
2024-09-18,2277.64
2024-09-19,2356.74
2024-09-20,2346.45
2024-09-21,2222.45
2024-09-22,2076.35
2024-09-23,2112.12
2024-09-24,2079.91
2024-09-25,2109.74
2024-09-26,2190.93
2024-09-27,2153.89
2024-09-28,2031.59
2024-09-29,1958.41
2024-09-30,2095.6
2024-10-01,2056.66
2024-10-02,1987.15
2024-10-03,2015.68
2024-10-04,2022.54
2024-10-05,1897.56
2024-10-06,1867.36
2024-10-07,1954.59
2024-10-08,1891.35
2024-10-09,1897.14
2024-10-10,1890.48
2024-10-11,1900.02
2024-10-12,1790.56
2024-10-13,1784.68
2024-10-14,1886.58
2024-10-15,1953.57
2024-10-16,1989.75
2024-10-17,1995.96
2024-10-18,1957.05
2024-10-19,1810.11
2024-10-20,1785.4
2024-10-21,1952.85
2024-10-22,1977.67
2024-10-23,1953.91
2024-10-24,1906.83
2024-10-25,1917.06
2024-10-26,1774.66
2024-10-27,1806.31
2024-10-28,1994.43
2024-10-29,1998.3
2024-10-30,2001.88
2024-10-31,1992.97
2024-11-01,1938.44
2024-11-02,1790.9
2024-11-03,1867.54
2024-11-04,1977.7
2024-11-05,1989.05
2024-11-06,2007.69
2024-11-07,1982.43
2024-11-08,1918.92
2024-11-09,1835.68
2024-11-10,1866.05
2024-11-11,1941.33
2024-11-12,1992.43
2024-11-13,2110.23
2024-11-14,2147.44
2024-11-15,2040.34
2024-11-16,1902.22
2024-11-17,1904.38
2024-11-18,2006.77
2024-11-19,2002.08
2024-11-20,2011.88
2024-11-21,2176.02
2024-11-22,2298.65
2024-11-23,2058.78
2024-11-24,1997.39
2024-11-25,2126.04
2024-11-26,2091.09
2024-11-27,2158.84
2024-11-28,2013.46
2024-11-29,2178.23
2024-11-30,2317.84
2024-12-01,2347.0
2024-12-02,2540.49
2024-12-03,2581.53
2024-12-04,2606.92
2024-12-05,2593.62
2024-12-06,2639.16
2024-12-07,2435.63
2024-12-08,2136.38
2024-12-09,2219.38
2024-12-10,2213.04
2024-12-11,2297.98
2024-12-12,2548.08
2024-12-13,2574.02
2024-12-14,2412.88
2024-12-15,2315.09
2024-12-16,2312.0
2024-12-17,2198.4
2024-12-18,2295.77
2024-12-19,2351.51
2024-12-20,2446.86
2024-12-21,2454.27
2024-12-22,2568.05
2024-12-23,2643.1
2024-12-24,2352.98
2024-12-25,2159.12
2024-12-26,2303.71
2024-12-27,2288.41
2024-12-28,2062.72
2024-12-29,1945.11
2024-12-30,2050.81
2024-12-31,2119.87
2025-01-01,2123.15
2025-01-02,2429.62
2025-01-03,2561.47
2025-01-04,2608.07
2025-01-05,2603.02
2025-01-06,2711.15
2025-01-07,2773.72
2025-01-08,2808.96
2025-01-09,2845.05
2025-01-10,2772.87
2025-01-11,2552.24
2025-01-12,2477.15
2025-01-13,2601.11
2025-01-14,2755.72
2025-01-15,2870.59
2025-01-16,2811.86
2025-01-17,2532.0
2025-01-18,2406.61
2025-01-19,2503.36
2025-01-20,2913.76
2025-01-21,3173.82
2025-01-22,3177.79
2025-01-23,3016.43
2025-01-24,2843.83
2025-01-25,2656.73
2025-01-26,2433.35
2025-01-27,2545.91
2025-01-28,2438.69
2025-01-29,2354.07
2025-01-30,2395.29
2025-01-31,2299.2
2025-02-01,2227.04
2025-02-02,2399.46
2025-02-03,2330.68
2025-02-04,2271.79
2025-02-05,2485.24
2025-02-06,2468.1
2025-02-07,2345.79
2025-02-08,2402.45
2025-02-09,2314.57
2025-02-10,2451.77
2025-02-11,2628.04
2025-02-12,2616.22
2025-02-13,2510.47
2025-02-14,2547.34
2025-02-15,2410.88
2025-02-16,2307.0
2025-02-17,2604.52
2025-02-18,2775.12
2025-02-19,2915.46
2025-02-20,2904.63
2025-02-21,2762.18
2025-02-22,2517.92
2025-02-23,2306.26
2025-02-24,2320.15
2025-02-25,2198.94
2025-02-26,2192.81
2025-02-27,2179.11
2025-02-28,2156.17
2025-03-01,2110.78
2025-03-02,2360.07
2025-03-03,2450.97
2025-03-04,2239.51
2025-03-05,2151.46
2025-03-06,2327.33
2025-03-07,2312.38
2025-03-08,2114.84
2025-03-09,1988.5
2025-03-10,2110.01
2025-03-11,2059.46
2025-03-12,2023.14
2025-03-13,2071.88
2025-03-14,2061.08
2025-03-15,1921.77
2025-03-16,1878.08
2025-03-17,2075.91
2025-03-18,2107.49
2025-03-19,2022.68
2025-03-20,2036.86
2025-03-21,2070.74
2025-03-22,1943.51
2025-03-23,1975.63
2025-03-24,2106.7
2025-03-25,2056.41
2025-03-26,2121.99
2025-03-27,2119.14
2025-03-28,2009.74
2025-03-29,1835.87
2025-03-30,1824.49
2025-03-31,2005.28
2025-04-01,1991.44
2025-04-02,2078.58
2025-04-03,2018.57
2025-04-04,1989.56
2025-04-05,1892.49
2025-04-06,1909.06
2025-04-07,2125.1
2025-04-08,2169.26
2025-04-09,2182.72
2025-04-10,2118.95
2025-04-11,2142.92
2025-04-12,2018.61
2025-04-13,1895.58
2025-04-14,1977.39
2025-04-15,1969.04
2025-04-16,2013.55
2025-04-17,1988.77
2025-04-18,1908.96
2025-04-19,1860.31
2025-04-20,1784.17
2025-04-21,1944.66
2025-04-22,1972.64
2025-04-23,1966.55
2025-04-24,1989.23
2025-04-25,1971.68
2025-04-26,1855.71
2025-04-27,1742.72
2025-04-28,1942.54
2025-04-29,2023.76
2025-04-30,2038.84
2025-05-01,2054.53
2025-05-02,2096.76
2025-05-03,1955.82
2025-05-04,1886.44
2025-05-05,2002.8
2025-05-06,1987.5
2025-05-07,1983.14
2025-05-08,2022.86
2025-05-09,1939.26
2025-05-10,1782.48
2025-05-11,1808.58
2025-05-12,2027.99
2025-05-13,2085.16
2025-05-14,2102.18
2025-05-15,2243.64
2025-05-16,2295.68
2025-05-17,2039.35
2025-05-18,1898.13
2025-05-19,2007.94
2025-05-20,1973.5
2025-05-21,1996.48
2025-05-22,1981.7
2025-05-23,1914.77
2025-05-24,1771.46
2025-05-25,1734.32
2025-05-26,1771.09
2025-05-27,1948.55
2025-05-28,1989.04
2025-05-29,2022.97
2025-05-30,2047.57
2025-05-31,1839.23
2025-06-01,1774.57
2025-06-02,1988.29
2025-06-03,2172.6
2025-06-04,2340.24
2025-06-05,2400.75
2025-06-06,2388.55
2025-06-07,2207.64
2025-06-08,2096.11
2025-06-09,2232.39
2025-06-10,2282.67
2025-06-11,2387.51
2025-06-12,2542.0
2025-06-13,2450.26
2025-06-14,2199.19
2025-06-15,2083.1
2025-06-16,2266.04
2025-06-17,2441.97
2025-06-18,2603.43
2025-06-19,2563.06
2025-06-20,2456.21
2025-06-21,2613.5
2025-06-22,2804.26
2025-06-23,3215.95
2025-06-24,3267.28
2025-06-25,3171.88
2025-06-26,3011.5
2025-06-27,2645.21
2025-06-28,2564.72
2025-06-29,2713.49
2025-06-30,2883.55
2025-07-01,2814.64
2025-07-02,2694.08
2025-07-03,2743.05
2025-07-04,2471.77
2025-07-05,2549.27
2025-07-06,2649.76
2025-07-07,2874.22
2025-07-08,2892.46
2025-07-09,2812.57
2025-07-10,2732.43
2025-07-11,2858.01
2025-07-12,2759.9
2025-07-13,2667.22
2025-07-14,2839.02
2025-07-15,2865.17
2025-07-16,2955.8
2025-07-17,2918.81
2025-07-18,2694.47
2025-07-19,2550.15
2025-07-20,2598.15
2025-07-21,2676.95
2025-07-22,2599.32
2025-07-23,2732.84
2025-07-24,2911.78
2025-07-25,2996.8
2025-07-26,2789.74
2025-07-27,2753.13
2025-07-28,3026.75
2025-07-29,3101.05
2025-07-30,3105.92
2025-07-31,2795.98
2025-08-01,2322.75
2025-08-02,2136.84
2025-08-03,2144.32
2025-08-04,2435.63
2025-08-05,2516.2
2025-08-06,2531.52
2025-08-07,2583.19
2025-08-08,2598.41
2025-08-09,2481.3
2025-08-10,2509.03
2025-08-11,2782.13
2025-08-12,2900.39
2025-08-13,2848.1
2025-08-14,2825.92
2025-08-15,2851.04
2025-08-16,2766.36
2025-08-17,2700.45
2025-08-18,2597.44
2025-08-19,2511.39
2025-08-20,2457.95
2025-08-21,2319.48
2025-08-22,2356.33
2025-08-23,2282.66
2025-08-24,2247.16
2025-08-25,2312.33
2025-08-26,2177.75
2025-08-27,2116.58
2025-08-28,2128.6
2025-08-29,2112.36
2025-08-30,1910.56
2025-08-31,1882.89
2025-09-01,1971.35
2025-09-02,2158.06
2025-09-03,2206.0
2025-09-04,2203.44
2025-09-05,2291.89
2025-09-06,2170.96
2025-09-07,1933.21
2025-09-08,2016.84
2025-09-09,2046.71
2025-09-10,2122.11
2025-09-11,2207.59
2025-09-12,2201.82
2025-09-13,2098.4
2025-09-14,2170.78
2025-09-15,2317.18
2025-09-16,2234.6
2025-09-17,2224.08
2025-09-18,2327.32
2025-09-19,2376.28
2025-09-20,2159.47
2025-09-21,2102.91
2025-09-22,2243.36
2025-09-23,2332.09
2025-09-24,2321.4
2025-09-25,2352.53
2025-09-26,2314.46
2025-09-27,2138.6
2025-09-28,2166.31
2025-09-29,2278.91
2025-09-30,2245.74
2025-10-01,2104.49
2025-10-02,2046.01
2025-10-03,2081.96
2025-10-04,2028.04
2025-10-05,2031.07
2025-10-06,2208.36
2025-10-07,2190.64
2025-10-08,2067.45
2025-10-09,1935.5
2025-10-10,1943.24
2025-10-11,1847.41
2025-10-12,1842.84
2025-10-13,1991.89
2025-10-14,2005.24
2025-10-15,1976.84
2025-10-16,1964.97
2025-10-17,1968.21
2025-10-18,1884.76
2025-10-19,1848.35
2025-10-20,1958.23
2025-10-21,2007.42
2025-10-22,2011.93
2025-10-23,2039.75
2025-10-24,2053.44
2025-10-25,1945.06
2025-10-26,1897.96
2025-10-27,2057.11
2025-10-28,2096.26
2025-10-29,2098.96
2025-10-30,2082.85
2025-10-31,2031.2
2025-11-01,1927.58
2025-11-02,2007.45
2025-11-03,2065.16
2025-11-04,2076.7
2025-11-05,2064.53
2025-11-06,2061.39
2025-11-07,2104.32
2025-11-08,1898.49
2025-11-09,1978.2
2025-11-10,2269.43
2025-11-11,2427.82
2025-11-12,2263.99
2025-11-13,2200.84
2025-11-14,2177.37
2025-11-15,1973.45
2025-11-16,1946.02
2025-11-17,2252.37
2025-11-18,2321.34
2025-11-19,2248.68
2025-11-20,2252.22
2025-11-21,2158.74
2025-11-22,2026.81
2025-11-23,2045.72
2025-11-24,2208.41
2025-11-25,2183.52
2025-11-26,2155.43
2025-11-27,2154.66
2025-11-28,2299.03
2025-11-29,2336.98
2025-11-30,2322.63
2025-12-01,2465.15
2025-12-02,2586.56
2025-12-03,2578.38
2025-12-04,2630.11
2025-12-05,2711.21
2025-12-06,2475.58
2025-12-07,2423.47
2025-12-08,2709.88
2025-12-09,2785.86
2025-12-10,2621.51
2025-12-11,2631.8
2025-12-12,2654.46
2025-12-13,2571.24
2025-12-14,2753.62
2025-12-15,3038.97
2025-12-16,2807.54
2025-12-17,2544.3
2025-12-18,2444.55
2025-12-19,2426.24
2025-12-20,2449.17
2025-12-21,2368.35
2025-12-22,2549.17
2025-12-23,2375.27
2025-12-24,2146.31
2025-12-25,2049.84
2025-12-26,2299.29
2025-12-27,2245.24
2025-12-28,2238.25
2025-12-29,2427.79
2025-12-30,2711.44
2025-12-31,2604.46
2026-01-01,2481.84
2026-01-02,2576.28
2026-01-03,2537.0
2026-01-04,2464.92
2026-01-05,2561.25
2026-01-06,2420.74
2026-01-07,2285.59
2026-01-08,2302.82
2026-01-09,2248.16
2026-01-10,2160.36
2026-01-11,2299.06
2026-01-12,2526.78
2026-01-13,2460.49
2026-01-14,2403.44
2026-01-15,2677.11
2026-01-16,2756.15
2026-01-17,2493.27
2026-01-18,2553.97
2026-01-19,2791.43
2026-01-20,2940.92
2026-01-21,2864.26
2026-01-22,2562.04
2026-01-23,2742.88
2026-01-24,3054.38
2026-01-25,2969.56
2026-01-26,2951.55
2026-01-27,3095.3
2026-01-28,3088.79
2026-01-29,3104.74
2026-01-30,3123.84
2026-01-31,3081.58
2026-02-01,2997.06
2026-02-02,2986.15
2026-02-03,2791.9
2026-02-04,2745.47
2026-02-05,2885.25
2026-02-06,2864.38
2026-02-07,2903.18
2026-02-08,3000.56
2026-02-09,2935.68
2026-02-10,2607.72
2026-02-11,2490.82
2026-02-12,2629.72
2026-02-13,2599.82
2026-02-14,2359.11
2026-02-15,2277.08
2026-02-16,2415.38
2026-02-17,2383.68
2026-02-18,2298.84
2026-02-19,2310.07
2026-02-20,2318.6
2026-02-21,2227.32
2026-02-22,2432.41
2026-02-23,2689.1
2026-02-24,2681.35
2026-02-25,2474.18
2026-02-26,2412.31
2026-02-27,2328.69
2026-02-28,2125.24
2026-03-01,2162.69
2026-03-02,2533.91
2026-03-03,2495.66
2026-03-04,2287.61
2026-03-05,2216.37
2026-03-06,2179.3
2026-03-07,2037.51
2026-03-08,1948.16
2026-03-09,2055.92
2026-03-10,2062.46
2026-03-11,2098.05
2026-03-12,2222.84
2026-03-13,2294.36
2026-03-14,2065.69
2026-03-15,2077.87
2026-03-16,2213.54
2026-03-17,2481.98
2026-03-18,2520.57
2026-03-19,2297.6
2026-03-20,2134.55
2026-03-21,1917.65
2026-03-22,1929.46
2026-03-23,2144.4
2026-03-24,2218.89
2026-03-25,2162.85
2026-03-26,2072.84
2026-03-27,2087.38
2026-03-28,2081.51
2026-03-29,2028.93
2026-03-30,2046.09
2026-03-31,2067.32
2026-04-01,2118.07
2026-04-02,2104.22
2026-04-03,2007.57
2026-04-04,1978.22
2026-04-05,1883.97
2026-04-06,2020.33
2026-04-07,2081.51
2026-04-08,2143.41
2026-04-09,2076.23
2026-04-10,2010.99
2026-04-11,1854.44
2026-04-12,1868.23
2026-04-13,2084.58
2026-04-14,2205.62
2026-04-15,2316.63
2026-04-16,2330.81
2026-04-17,2216.06
2026-04-18,1957.99
2026-04-19,1860.39
2026-04-20,2037.69
2026-04-21,2081.95
2026-04-22,2053.61
2026-04-23,2091.29
2026-04-24,2081.79
2026-04-25,1910.38
2026-04-26,1872.23
2026-04-27,2002.04
2026-04-28,2021.11
2026-04-29,2015.81
2026-04-30,2012.06
2026-05-01,1990.81
2026-05-02,1886.64
2026-05-03,1880.22
2026-05-04,2014.4
2026-05-05,2054.76
2026-05-06,2050.89
2026-05-07,2002.07
2026-05-08,1980.36
2026-05-09,1890.59
2026-05-10,1863.59
2026-05-11,1984.82
2026-05-12,2017.58
2026-05-13,2024.12
2026-05-14,2008.76
2026-05-15,2003.52
2026-05-16,1974.68
2026-05-17,2213.94
2026-05-18,2608.63
2026-05-19,2703.66
2026-05-20,2496.9
2026-05-21,2118.83
2026-05-22,2004.67
2026-05-23,1933.42
2026-05-24,1914.13
2026-05-25,2029.54
2026-05-26,2261.29
2026-05-27,2384.38
2026-05-28,2272.27
2026-05-29,2160.63
2026-05-30,1972.47
2026-05-31,1927.38
2026-06-01,2111.44
2026-06-02,2096.09
2026-06-03,2194.45
2026-06-04,2354.47
2026-06-05,2491.47
2026-06-06,2456.81
2026-06-07,2448.46
2026-06-08,2491.34
2026-06-09,2540.27
2026-06-10,2747.8
2026-06-11,2913.08
2026-06-12,2820.89
2026-06-13,2543.6
2026-06-14,2455.19
2026-06-15,2318.14
2026-06-16,2224.02
2026-06-17,2365.31
2026-06-18,2531.07
2026-06-19,2373.62
2026-06-20,2203.05
2026-06-21,2225.1
2026-06-22,2438.77
2026-06-23,2344.33
2026-06-24,2320.14
2026-06-25,2438.36
2026-06-26,2492.03
2026-06-27,2336.24
2026-06-28,2394.51
2026-06-29,2821.54
2026-06-30,3013.06
2026-07-01,3232.12
2026-07-02,3343.08
2026-07-03,3207.37
2026-07-04,2912.57
2026-07-05,2687.3
2026-07-06,2753.37
2026-07-07,2697.18
2026-07-08,2783.19
2026-07-09,2847.1
2026-07-10,2805.54
2026-07-11,2605.99
2026-07-12,2558.66
2026-07-13,2753.22
2026-07-14,2954.39
2026-07-15,3156.91
2026-07-16,3140.83
2026-07-17,2925.62
2026-07-18,2762.62
2026-07-19,2551.83
2026-07-20,2614.64
2026-07-21,2787.66
2026-07-22,2613.09
2026-07-23,2411.5
2026-07-24,2406.45
2026-07-25,2322.61
2026-07-26,2442.97
2026-07-27,2740.48
2026-07-28,2682.26
2026-07-29,2574.38
2026-07-30,2575.17
2026-07-31,2659.38
2026-08-01,2511.73
2026-08-02,2506.41
2026-08-03,2718.98
2026-08-04,2692.33
2026-08-05,2799.3
2026-08-06,2934.17
2026-08-07,2901.85
2026-08-08,2750.23
2026-08-09,2745.58
2026-08-10,2861.22
2026-08-11,2707.66
2026-08-12,2659.84
2026-08-13,2769.64
2026-08-14,2753.5
2026-08-15,2585.27
2026-08-16,2556.33
2026-08-17,2780.89
2026-08-18,2759.83
2026-08-19,2704.51
2026-08-20,2657.39
2026-08-21,2508.15
2026-08-22,2391.01
